{"accuracy": 0.6019175662129918, "n_estimators": 10, "max_depth": 6, "min_samples_split": 2, "min_samples_leaf": 4, "max_features": 0.31681098070520525, "min_impurity_decrease": 0.05777650381259539, "_timestamp": 1711287580.8522534, "_runtime": 7.554696321487427, "_step": 0, "_wandb": {"runtime": 6}}