{"l2_regularization": 0.7285698737290675, "_timestamp": 1711296121.8056593, "_runtime": 41.32381224632263, "_step": 7, "learning_rate": 0.21845617629192896, "max_bins": 231, "max_depth": 22, "max_iter": 178, "max_leaf_nodes": 134, "min_samples_leaf": 64, "accuracy": 0.5589131109848966, "_wandb": {"runtime": 39}}