{"l2_regularization": 0.8429411559403799, "_timestamp": 1711296174.877512, "_runtime": 42.20812702178955, "_step": 7, "learning_rate": 0.23849451744750316, "max_bins": 138, "max_depth": 12, "max_iter": 845, "max_leaf_nodes": 75, "min_samples_leaf": 57, "accuracy": 0.5452095437453843, "_wandb": {"runtime": 40}}