{"accuracy": 0.5901656752751735, "n_estimators": 15, "max_depth": 13, "min_samples_split": 9, "min_samples_leaf": 2, "max_features": 0.434829361535788, "min_impurity_decrease": 0.041045650915214366, "_timestamp": 1711285898.982131, "_runtime": 12.51747989654541, "_step": 0, "_wandb": {"runtime": 11}}