{"accuracy": 0.6344492588296057, "n_estimators": 12, "max_depth": 6, "min_samples_split": 8, "min_samples_leaf": 2, "max_features": 0.8681556645773868, "min_impurity_decrease": 0.08418200890756393, "_timestamp": 1711287351.1178536, "_runtime": 13.503325700759888, "_step": 0, "_wandb": {"runtime": 12}}