{"accuracy": 0.6176983091371596, "n_estimators": 15, "max_depth": 14, "min_samples_split": 8, "min_samples_leaf": 5, "_timestamp": 1711282919.8879757, "_runtime": 23.85147762298584, "_step": 0, "_wandb": {"runtime": 22}}