{"leaf_size": 13, "_timestamp": 1711292034.7832856, "_runtime": 49.319804668426514, "_step": 3, "n_neighbors": 18, "p": 1, "accuracy": 0.7921086631580472, "_wandb": {"runtime": 47}}