{"l2_regularization": 0.494053210643977, "_timestamp": 1711296526.6189532, "_runtime": 47.18355917930603, "_step": 7, "learning_rate": 0.17702622266472243, "max_bins": 232, "max_depth": 24, "max_iter": 607, "max_leaf_nodes": 216, "min_samples_leaf": 25, "accuracy": 0.5916346616424007, "_wandb": {"runtime": 40}}