{"criterion": "gini", "_timestamp": 1711297053.4684608, "_runtime": 9.614780902862549, "_step": 5, "max_depth": 13, "min_samples_leaf": 7, "min_samples_split": 8, "n_estimators": 11, "accuracy": 0.7174864082559287, "_wandb": {"runtime": 8}}