{"leaf_size": 36, "_timestamp": 1711292140.6686313, "_runtime": 42.84968042373657, "_step": 3, "n_neighbors": 4, "p": 2, "accuracy": 0.6253006756050116, "_wandb": {"runtime": 41}}