{"criterion": "gini", "_timestamp": 1711297140.2459342, "_runtime": 13.818063259124756, "_step": 5, "max_depth": 17, "min_samples_leaf": 4, "min_samples_split": 4, "n_estimators": 19, "accuracy": 0.6788728224650331, "_wandb": {"runtime": 12}}