{"criterion": "gini", "_timestamp": 1711296905.0488992, "_runtime": 17.514740228652954, "_step": 5, "max_depth": 27, "min_samples_leaf": 6, "min_samples_split": 10, "n_estimators": 23, "accuracy": 0.7553003377220575, "_wandb": {"runtime": 16}}