{"l2_regularization": 0.9989706126915848, "_timestamp": 1711295065.4187295, "_runtime": 91.48577046394348, "_step": 8, "learning_rate": 0.10063143662909116, "loss": "log_loss", "max_bins": 85, "max_depth": 10, "max_iter": 871, "max_leaf_nodes": 65, "min_samples_leaf": 97, "accuracy": 0.5569163836226523, "_wandb": {"runtime": 90}}