{"leaf_size": 16, "_timestamp": 1711292089.0947251, "_runtime": 44.45830821990967, "_step": 3, "n_neighbors": 6, "p": 1, "accuracy": 0.7971527729732252, "_wandb": {"runtime": 42}}