{"criterion": "gini", "_timestamp": 1711297161.4435277, "_runtime": 12.607035636901855, "_step": 5, "max_depth": 13, "min_samples_leaf": 8, "min_samples_split": 4, "n_estimators": 18, "accuracy": 0.6800151886432713, "_wandb": {"runtime": 11}}