{"accuracy": 0.6448126117226077, "n_estimators": 13, "max_depth": 5, "min_samples_split": 2, "min_samples_leaf": 3, "max_features": 0.3623744885792805, "min_impurity_decrease": 0.09270888806691371, "_timestamp": 1711283918.4997704, "_runtime": 9.331076383590698, "_step": 0, "_wandb": {"runtime": 7}}