{"criterion": "entropy", "_timestamp": 1711297118.078866, "_runtime": 11.312601089477539, "_step": 5, "max_depth": 9, "min_samples_leaf": 5, "min_samples_split": 4, "n_estimators": 15, "accuracy": 0.6926536200940602, "_wandb": {"runtime": 9}}