{"accuracy": 0.9676738842314117, "n_estimators": 16, "max_depth": 12, "min_samples_split": 2, "min_samples_leaf": 2, "_timestamp": 1711209200.5228784, "_runtime": 21.33353543281555, "_step": 0, "_wandb": {"runtime": 19}}