{"l2_regularization": 0.6080952168431198, "_timestamp": 1711295816.2754629, "_runtime": 128.50069975852966, "_step": 7, "learning_rate": 0.018447162557469664, "max_bins": 134, "max_depth": 16, "max_iter": 413, "max_leaf_nodes": 63, "min_samples_leaf": 38, "accuracy": 0.5662483890223438, "_wandb": {"runtime": 126}}