{"criterion": "gini", "_timestamp": 1711296764.273862, "_runtime": 9.632970809936523, "_step": 5, "max_depth": 8, "min_samples_leaf": 8, "min_samples_split": 6, "n_estimators": 14, "accuracy": 0.6605289959888466, "_wandb": {"runtime": 8}}