{"accuracy": 0.6903029201132069, "n_estimators": 18, "max_depth": 6, "min_samples_split": 9, "min_samples_leaf": 4, "_timestamp": 1711283077.8422697, "_runtime": 15.955971717834473, "_step": 0, "_wandb": {"runtime": 14}}