{"l2_regularization": 0.17231116637517874, "_timestamp": 1711295923.4404638, "_runtime": 96.11390781402588, "_step": 7, "learning_rate": 0.04069706490201002, "max_bins": 135, "max_depth": 23, "max_iter": 228, "max_leaf_nodes": 156, "min_samples_leaf": 72, "accuracy": 0.5761918016723597, "_wandb": {"runtime": 94}}