{"l2_regularization": 0.18168765634784567, "_timestamp": 1711294965.1606262, "_runtime": 32.51036024093628, "_step": 8, "learning_rate": 0.19755037225862904, "loss": "log_loss", "max_bins": 66, "max_depth": 13, "max_iter": 132, "max_leaf_nodes": 208, "min_samples_leaf": 76, "accuracy": 0.5658879805379419, "_wandb": {"runtime": 30}}