{"criterion": "gini", "_timestamp": 1711296963.9994493, "_runtime": 8.344117164611816, "_step": 5, "max_depth": 2, "min_samples_leaf": 4, "min_samples_split": 5, "n_estimators": 22, "accuracy": 0.5419401239225958, "_wandb": {"runtime": 6}}